hhid,hh_size,activities,PAVs,runtime,obj_value
1,3,3,1,0.0,29.999399999999994
2,3,4,2,0.01,24.472761904761903
3,2,3,0,0.0,47.77008571428571
